Unit,Total Packets Processed,Total Process Time,Average Process Time
BLE,5395885,5340.919275045395,24.745334986964117
Start and finish time,1514472121.755924,1514477462.675199,5340.919275045395
