Unit,Total Packets Processed,Total Process Time,Average Process Time
Class+NtwkMapper,651960,1.3322739601135254,0.051087258425115245
Classifier,651960,0.6886653900146484,0.04696498780800847
Network Mapper,651960,0.10750222206115723,0.024679756814025282
MAC Track+Preproc,7831780,6712.974739074707,21.42863671820042
MAC Track,7831780,854.6944053173065,21.15978933466193
Preprocesser,7831780,84.22214245796204,18.700347602197077
Start and finish time,1514473742.841084,1514480457.149049,6714.307965040207
