Unit,Total Packets Processed,Total Process Time,Average Process Time
Class+NtwkMapper,651960,8.92511010169983,0.342241475769212
Classifier,651960,5.88489699363709,0.338220996383919
Network Mapper,651960,0.10484766960144,0.116579740630665
MAC Track+Preproc,7831780,8130.83268785477,25.954612769558
MAC Track,7831780,1030.97110152245,25.6133558769094
Preprocesser,7831780,106.905956268311,22.6636268713253
Start and finish time,1514569559.71381,1514577699.48348,8139.76967191696
