Unit,Total Packets Processed,Total Process Time,Average Process Time
Class+NtwkMapper,546396,4.723634958267212,0.21612690055688602
Classifier,546396,3.2175166606903076,0.21081747759591005
Network Mapper,546396,0.11604189872741699,0.06891148075648908
MAC Track+Preproc,2209032,2129.0646889209747,24.094996008670027
MAC Track,2209032,259.7221269607544,23.15802652755918
Preprocesser,2209032,82.79182267189026,21.155675449249042
Start and finish time,1514494717.538906,1514496851.348664,2133.8097579479218
