Unit,Total Packets Processed,Total Process Time,Average Process Time
MAC Track+Preproc,2209032,1980.684902191162,22.415756111626745
MAC Track,2209032,231.3447709083557,21.58363793576819
Preprocesser,2209032,73.52702713012695,19.797587034533752
Class+NtwkMapper,546396,1.1752939224243164,0.05377482276701863
Classifier,546396,0.5604782104492188,0.04912114296791396
Network Mapper,546396,0.10171008110046387,0.02813050022214189
