Unit,Total Packets Processed,Total Process Time,Average Process Time
Class+NtwkMapper,609105,5.451868057250977,0.22376552717720988
Classifier,609105,3.69670033454895,0.21961636947654506
Network Mapper,609105,0.10109090805053711,0.07203879966106116
MAC Track+Preproc,2337141,2124.0183601379395,22.72026334887304
MAC Track,2337141,253.40939283370972,21.856113365494945
Preprocesser,2337141,80.78561425209045,20.00958614931908
Start and finish time,1514504833.96094,1514506963.501261,2129.540321111679
