Unit,Total Packets Processed,Total Process Time,Average Process Time
MAC Track+Preproc,2337141,2116.625478029251,22.641182945629417
MAC Track,2337141,247.86951088905334,21.80735969735894
Preprocesser,2337141,77.95050001144409,19.989764921545145
