Unit,Total Packets Processed,Total Process Time,Average Process Time
BLE,6417323,6637.30845284462,25.85699852120822
Start and finish time,1514398836.142167,1514405473.45062
