Unit,Total Packets Processed,Total Process Time,Average Process Time
Class+NtwkMapper,642457,4.458185911178589,0.17348187937786455
Classifier,642457,3.548224687576294,0.16926759069290853
Network Mapper,642457,0.10829997062683105,0.03540942131544582
MAC Track+Preproc,5842584,5912.361200809479,25.298571662852765
MAC Track,5842584,655.5820827484131,23.887622809421945
Preprocesser,5842584,329.7434878349304,22.493382714142687
Start and finish time,1514491329.858709,1514497246.703739,5916.845029830933
