Unit,Total Packets Processed,Total Process Time,Average Process Time
MAC Track+Preproc,5842584,5548.597496032715,23.742052728864124
MAC Track,5842584,625.7007374763489,22.38741467053843
Preprocesser,5842584,316.58346581459045,21.064723924193327
