Unit,Total Packets Processed,Total Process Time,Average Process Time
BLE,4484828,4609.978106975555,25.69763047197995
Start and finish time,1514409226.785639,1514413836.763746
