Unit,Total Packets Processed,Total Process Time,Average Process Time
BLE,2271675,2277.5912091732025,25.06510844611578
Start and finish time,1514393518.463894,1514395796.055103
