Unit,Total Packets Processed,Total Process Time,Average Process Time
MAC Track+Preproc,4802124,3841.254973888397,19.997687345684938
MAC Track,4802124,480.645489692688,19.59120491517313
Preprocesser,4802124,78.07916140556335,17.49543266789711
Start and finish time,1514415855.738677,1514419698.158831
