Unit,Total Packets Processed,Total Process Time,Average Process Time
Class+NtwkMapper,587335,4.009506940841675,0.17066524814806178
Classifier,587335,2.607292890548706,0.16661830045321468
Network Mapper,587335,0.0950765609741211,0.05968544571211356
MAC Track+Preproc,4802124,3870.4108119010925,20.149473503292985
MAC Track,4802124,509.28165221214294,19.684520614783672
Preprocesser,4802124,89.31045699119568,17.498138113931198
Start and finish time,1514498739.706738,1514502614.161885,3874.4551470279694
